{"#samples": 10581, "Mean": 2.842692139064076, "Median": 1.299425161044461}