{"#samples": 10581, "Mean": 1.929392731584373, "Median": 0.8823991532884672}