{"#samples": 10581, "Mean": 1.8764419632074496, "Median": 0.829159951980996}